{"cameraMode":{"drawMode":0,"name":"Shaded","section":"Shading Mode"},"sceneLighting":true,"audioPlay":false,"sceneViewState":{"showFog":false,"showMaterialUpdate":false,"showSkybox":false,"showFlares":false,"showImageEffects":false,"showParticleSystems":false},"in2DMode":false,"pivot":{"x":-7.20616340637207,"y":0.7756252288818359,"z":2.779160499572754},"rotation":{"x":-0.5808804035186768,"y":0.0017051458125934005,"z":-0.0012178132310509682,"w":-0.8139863014221191},"size":11.461174011230469,"orthographic":false}