{"cameraMode":{"drawMode":0,"name":"Shaded","section":"Shading Mode"},"sceneLighting":false,"audioPlay":false,"sceneViewState":{"showFog":false,"showMaterialUpdate":false,"showSkybox":false,"showFlares":false,"showImageEffects":false,"showParticleSystems":false},"in2DMode":false,"pivot":{"x":4.3791117668151859,"y":-2.7734529972076418,"z":-0.5428595542907715},"rotation":{"x":-0.17827779054641725,"y":-0.7196778655052185,"z":0.2003396451473236,"w":-0.6404255628585815},"size":6.963881492614746,"orthographic":false}